id;nom;prenom;email;password
1;before;incidentally;Chelsea35@hotmail.com;closed tackle pfft
2;orchestra because;toward vacantly likewise;Marty_Collins4@gmail.com;um once
3;infamous ah stage;distance good save;Lavina_Ledner41@gmail.com;amid however blue
4;wherever;immense;Norris_Cruickshank@gmail.com;whether brr
5;glittering vacant ugh;given soggy manatee;Cletus.Jerde@hotmail.com;carefree gee
6;rubbery;unsubscribe whose mid;Sienna44@gmail.com;debunk
7;inasmuch ouch;drat apud ferociously;Christina69@yahoo.com;present
8;whose;swiftly provided;Frederik_Gerlach12@yahoo.com;chinchilla huzzah
9;commuter fight exactly;punctual;Ludwig.Lynch@gmail.com;however carouse when
10;hence;illumine outback manner;Marcelle_Lakin25@yahoo.com;pish
